{"contacts":[{"contactId":1,"firstName":"Alan","lastName":"B","mobile":9999900000,"mail":"alan@gmail.com","dateofbirth":"1990-10-12","gender":"male","group":"family"},{"contactId":2,"firstName":"Bala","lastName":"U","mobile":9999911111,"mail":"bala@gmail.com","dateofbirth":"1991-07-11","gender":"male","group":"family"},{"contactId":3,"firstName":"Chandar","lastName":"A","mobile":9999922222,"mail":"chandar@gmail.com","dateofbirth":"1986-10-12","gender":"male","group":"colleague"},{"contactId":4,"firstName":"Dora","lastName":"S","mobile":9999933333,"mail":"dora@gmail.com","dateofbirth":"1990-08-08","gender":"female","group":"friend"},{"contactId":5,"firstName":"Ezhil","lastName":"G","mobile":9999944444,"mail":"ezhil@gmail.com","dateofbirth":"1988-03-10","gender":"female","group":"friend"}]}